alvaro-alva@gmail.com-sekai00-Orden1234
mesias-mesias@gmail.com-mesias-1234
eliot-eliot@gmail.com-eliot-1234
posom-posom@gmail.com-posom-1234
hugo-hugo@gmail.com-hugo-1234
bodoque-bodo@gmail.com-bodo-1234
dario-dario@gmail.com-dari-1234
mag-mag@gmail.com-mag-1234
elias-elias@gmail.com-elias-1234
elias-eliass@gmail.com-elias1-1234
manolito-monolito77-mano-1234
lucas-lucas12@gmail.com-luca-1234
moj-mo@gmail.com-mo-1234
vaca-vaca@gmail.com-vaca-1234
